{
    "1": {
        "train_loss": 0.8068058379491169,
        "train_accuracy": 75.85356286772718,
        "train_IoU": 0.19212807031791648,
        "val_accuracy": 91.59824276972962,
        "val_loss": 0.2657389275232951,
        "val_IoU": 0.25547864126472786
    },
    "2": {
        "train_loss": 0.2513830951187347,
        "train_accuracy": 91.5589453039878,
        "train_IoU": 0.2626522803160976,
        "val_accuracy": 92.33042204905601,
        "val_loss": 0.20924931963284807,
        "val_IoU": 0.29251918366148066
    },
    "3": {
        "train_loss": 0.21444830530219608,
        "train_accuracy": 92.0069731967749,
        "train_IoU": 0.2843270243920494,
        "val_accuracy": 92.30165786308248,
        "val_loss": 0.19783331890900932,
        "val_IoU": 0.2964316667918602
    }
}