{
    "1": {
        "train_loss": 0.4424455044768877,
        "train_accuracy": 87.12097180496725,
        "train_IoU": 0.2224269865680761,
        "val_accuracy": 92.96350201522615,
        "val_loss": 0.1927491864455597,
        "val_IoU": 0.28026672006993386
    },
    "2": {
        "train_loss": 0.18885986563840734,
        "train_accuracy": 92.90365919650687,
        "train_IoU": 0.2870163275723996,
        "val_accuracy": 93.68562472010747,
        "val_loss": 0.16025415217237815,
        "val_IoU": 0.30871472703977454
    },
    "3": {
        "train_loss": 0.1653826551462982,
        "train_accuracy": 93.3402996771846,
        "train_IoU": 0.30673879328828446,
        "val_accuracy": 93.97671294223018,
        "val_loss": 0.14812808481178105,
        "val_IoU": 0.32611675848946137
    },
    "4": {
        "train_loss": 0.1567128128538838,
        "train_accuracy": 93.55861991752347,
        "train_IoU": 0.3182111913832712,
        "val_accuracy": 94.11106135244066,
        "val_loss": 0.13940503836742477,
        "val_IoU": 0.32762147970747674
    },
    "5": {
        "train_loss": 0.14708069510099986,
        "train_accuracy": 93.83291970666716,
        "train_IoU": 0.33067410383742707,
        "val_accuracy": 94.37416032243618,
        "val_loss": 0.13577363634748116,
        "val_IoU": 0.3375359079954616
    },
    "6": {
        "train_loss": 0.14013376221202997,
        "train_accuracy": 93.9654046388386,
        "train_IoU": 0.33568195992818606,
        "val_accuracy": 94.08307210031349,
        "val_loss": 0.1411356133275799,
        "val_IoU": 0.3494894326000012
    },
    "7": {
        "train_loss": 0.1366356478955125,
        "train_accuracy": 94.07363176652797,
        "train_IoU": 0.3436337963122358,
        "val_accuracy": 94.34057321988357,
        "val_loss": 0.13453258619244615,
        "val_IoU": 0.35236416533412085
    },
    "8": {
        "train_loss": 0.1294672484009535,
        "train_accuracy": 94.3218077662294,
        "train_IoU": 0.3547280723666228,
        "val_accuracy": 94.24540976265115,
        "val_loss": 0.13728719718222102,
        "val_IoU": 0.3542851586403515
    },
    "9": {
        "train_loss": 0.12767270196291464,
        "train_accuracy": 94.37405534511392,
        "train_IoU": 0.36079399621719477,
        "val_accuracy": 94.38535602328706,
        "val_loss": 0.13011441436995355,
        "val_IoU": 0.35357606667973046
    },
    "10": {
        "train_loss": 0.1234082885104318,
        "train_accuracy": 94.48974641264391,
        "train_IoU": 0.3671482848056742,
        "val_accuracy": 94.48051948051948,
        "val_loss": 0.13046061021408872,
        "val_IoU": 0.35295559210491534
    },
    "11": {
        "train_loss": 0.12015174774715325,
        "train_accuracy": 94.60730346513408,
        "train_IoU": 0.3714656564886178,
        "val_accuracy": 94.3629646215853,
        "val_loss": 0.13115577136299442,
        "val_IoU": 0.3563449451470013
    },
    "12": {
        "train_loss": 0.11972246267043739,
        "train_accuracy": 94.47481853296263,
        "train_IoU": 0.36120499553342483,
        "val_accuracy": 94.42454097626512,
        "val_loss": 0.13428416012653277,
        "val_IoU": 0.35124239407794566
    },
    "13": {
        "train_loss": 0.11432096463914847,
        "train_accuracy": 94.687540818421,
        "train_IoU": 0.377927177702065,
        "val_accuracy": 94.43013882669055,
        "val_loss": 0.1304101044312119,
        "val_IoU": 0.3562593172418398
    },
    "14": {
        "train_loss": 0.11273715012931315,
        "train_accuracy": 94.83308764531357,
        "train_IoU": 0.3824915172587253,
        "val_accuracy": 94.18943125839677,
        "val_loss": 0.1318739011218506,
        "val_IoU": 0.35358608164114236
    },
    "15": {
        "train_loss": 0.1095190263911192,
        "train_accuracy": 94.93944878804277,
        "train_IoU": 0.3870312649757227,
        "val_accuracy": 94.31258396775638,
        "val_loss": 0.1319711075563516,
        "val_IoU": 0.3731931162683237
    },
    "16": {
        "train_loss": 0.10661506850210185,
        "train_accuracy": 94.91519098356068,
        "train_IoU": 0.40320592550410944,
        "val_accuracy": 94.59247648902821,
        "val_loss": 0.12669778726994993,
        "val_IoU": 0.37139918238895564
    },
    "17": {
        "train_loss": 0.10591597487896615,
        "train_accuracy": 94.91705696852082,
        "train_IoU": 0.4002483428880971,
        "val_accuracy": 94.5141065830721,
        "val_loss": 0.12969177893495987,
        "val_IoU": 0.36401372297289825
    },
    "18": {
        "train_loss": 0.10310447152908492,
        "train_accuracy": 95.13910917878002,
        "train_IoU": 0.417407658200389,
        "val_accuracy": 94.41894312583969,
        "val_loss": 0.13353827840515542,
        "val_IoU": 0.3822443886483292
    },
    "19": {
        "train_loss": 0.09972587929313957,
        "train_accuracy": 95.11858334421824,
        "train_IoU": 0.42774111976630474,
        "val_accuracy": 94.5588893864756,
        "val_loss": 0.12774433071858127,
        "val_IoU": 0.36966210424335094
    },
    "20": {
        "train_loss": 0.09745226495039055,
        "train_accuracy": 95.19135675766454,
        "train_IoU": 0.4274783446161334,
        "val_accuracy": 94.48051948051948,
        "val_loss": 0.13549792539062247,
        "val_IoU": 0.37015580638946977
    },
    "21": {
        "train_loss": 0.09632898138520393,
        "train_accuracy": 95.26226418615066,
        "train_IoU": 0.45321005610639253,
        "val_accuracy": 94.60927004030452,
        "val_loss": 0.12883517316409515,
        "val_IoU": 0.39441356875152783
    },
    "22": {
        "train_loss": 0.09269737674985834,
        "train_accuracy": 95.3369035845571,
        "train_IoU": 0.4472841802486737,
        "val_accuracy": 94.67084639498434,
        "val_loss": 0.1311122648151858,
        "val_IoU": 0.389372599663479
    },
    "23": {
        "train_loss": 0.09239546378056446,
        "train_accuracy": 95.34623350935792,
        "train_IoU": 0.46390617261432476,
        "val_accuracy": 94.51970443349754,
        "val_loss": 0.1317364850746734,
        "val_IoU": 0.37627423068912175
    },
    "24": {
        "train_loss": 0.08929795649587254,
        "train_accuracy": 95.39288313336195,
        "train_IoU": 0.4545239578720939,
        "val_accuracy": 94.73242274966412,
        "val_loss": 0.13148586958912864,
        "val_IoU": 0.4110257669134529
    },
    "25": {
        "train_loss": 0.08789939929448899,
        "train_accuracy": 95.50670821593178,
        "train_IoU": 0.47424945927036777,
        "val_accuracy": 94.59247648902821,
        "val_loss": 0.13285650050799744,
        "val_IoU": 0.42999987834094605
    }
}