{
    "1": {
        "train_loss": 1.1336062746577786,
        "train_accuracy": 71.10743081281325,
        "train_IoU": 0.16703967838894326,
        "val_accuracy": 91.20077401809529,
        "val_loss": 0.30162379244963333,
        "val_IoU": 0.24529995751332176
    },
    "2": {
        "train_loss": 0.2810704563061398,
        "train_accuracy": 91.23817825234256,
        "train_IoU": 0.25184796120152564,
        "val_accuracy": 91.91203388944092,
        "val_loss": 0.22741781115531917,
        "val_IoU": 0.27355325859384566
    },
    "3": {
        "train_loss": 0.2299418264627456,
        "train_accuracy": 91.7175855306167,
        "train_IoU": 0.27083986410799255,
        "val_accuracy": 92.32257727106324,
        "val_loss": 0.20077303747336067,
        "val_IoU": 0.2845622189447024
    }
}