{
    "micro_IoU": 0.785234899328859,
    "micro_Precision": 0.8796992481203008,
    "micro_Recall": 0.8796992481203008,
    "micro_F1-score": 0.8796992481203008,
    "micro_Kappa": 0.800440880610881,
    "MACRO_IoU": 0.37273896211979396,
    "MACRO_Precision": 0.5503727799611161,
    "MACRO_Recall": 0.4329803674684175,
    "MACRO_F1-score": 0.4532370786753043,
    "Accuracy": 0.8796992481203008
}