{
    "micro_IoU": 0.4,
    "micro_Precision": 0.5714285714285714,
    "micro_Recall": 0.5714285714285714,
    "micro_F1-score": 0.5714285714285714,
    "micro_Kappa": 0.3250245982289275,
    "MACRO_IoU": 0.14081765087605452,
    "MACRO_Precision": 0.26436781609195403,
    "MACRO_Recall": 0.4229861813279407,
    "MACRO_F1-score": 0.18861802146601217,
    "Accuracy": 0.5714285714285714
}