{
    "micro_IoU": 0.8980216324188784,
    "micro_Precision": 0.9462712300854241,
    "micro_Recall": 0.9462712300854241,
    "micro_F1-score": 0.9462712300854241,
    "MACRO_IoU": 0.42096073671272866,
    "MACRO_Precision": 0.6780793725251135,
    "MACRO_Recall": 0.48605742978427197,
    "MACRO_F1-score": 0.5050019690495783,
    "Accuracy": 0.9462712300854241
}