{
    "micro_IoU": 0.28104575163398693,
    "micro_Precision": 0.4387755102040816,
    "micro_Recall": 0.4387755102040816,
    "micro_F1-score": 0.4387755102040816,
    "MACRO_IoU": 0.14625850340136054,
    "MACRO_Precision": 0.4387755102040816,
    "MACRO_Recall": 0.3333333333333333,
    "MACRO_F1-score": 0.2033096926713948,
    "Accuracy": 0.4387755102040816
}