{
    "1": {
        "train_loss": 2.736466884613037,
        "train_accuracy": 15.306122448979586,
        "train_IoU": 0.027777777777777776,
        "val_accuracy": 43.87755102040817,
        "val_loss": 2.1555941700935364,
        "val_IoU": 0.14625850340136054
    },
    "2": {
        "train_loss": 2.4690197706222534,
        "train_accuracy": 23.469387755102044,
        "train_IoU": 0.05010893246187364,
        "val_accuracy": 43.87755102040817,
        "val_loss": 2.1632032096385956,
        "val_IoU": 0.14625850340136054
    },
    "3": {
        "train_loss": 2.021754890680313,
        "train_accuracy": 29.591836734693878,
        "train_IoU": 0.06318082788671024,
        "val_accuracy": 43.87755102040817,
        "val_loss": 2.225151836872101,
        "val_IoU": 0.07624113475177305
    }
}