{
    "micro_IoU": 0.21739130434782608,
    "micro_Precision": 0.35714285714285715,
    "micro_Recall": 0.35714285714285715,
    "micro_F1-score": 0.35714285714285715,
    "MACRO_IoU": 0.17857142857142858,
    "MACRO_Precision": 0.4268292682926829,
    "MACRO_Recall": 0.2713178294573643,
    "MACRO_F1-score": 0.20833333333333334,
    "Accuracy": 0.35714285714285715
}