{
    "1": {
        "train_loss": 0.45374051367681734,
        "train_accuracy": 87.82071616502772,
        "train_IoU": 0.19726863277108625,
        "val_accuracy": 92.98029556650246,
        "val_loss": 0.18789137766829553,
        "val_IoU": 0.27799508139330564
    },
    "2": {
        "train_loss": 0.18782671786364608,
        "train_accuracy": 93.03614412867832,
        "train_IoU": 0.292765686288824,
        "val_accuracy": 93.63524406627855,
        "val_loss": 0.16065263929111623,
        "val_IoU": 0.31963026256938676
    },
    "3": {
        "train_loss": 0.1654965763640432,
        "train_accuracy": 93.41307309063089,
        "train_IoU": 0.30981241229787626,
        "val_accuracy": 93.93193013882669,
        "val_loss": 0.15112937124712125,
        "val_IoU": 0.3377055061567475
    },
    "4": {
        "train_loss": 0.1542450758608544,
        "train_accuracy": 93.72096060905749,
        "train_IoU": 0.3214887754766662,
        "val_accuracy": 93.87595163457232,
        "val_loss": 0.14534588690314984,
        "val_IoU": 0.33334569499109046
    },
    "5": {
        "train_loss": 0.14568355042923017,
        "train_accuracy": 93.9803325185199,
        "train_IoU": 0.3369275181467984,
        "val_accuracy": 94.18383340797133,
        "val_loss": 0.142305431594806,
        "val_IoU": 0.351812870198872
    },
    "6": {
        "train_loss": 0.13799608302322666,
        "train_accuracy": 94.15386911981489,
        "train_IoU": 0.34357649888923875,
        "val_accuracy": 93.84796238244513,
        "val_loss": 0.14194530216710893,
        "val_IoU": 0.34025757466165507
    },
    "7": {
        "train_loss": 0.13390176512994462,
        "train_accuracy": 94.23037450318151,
        "train_IoU": 0.34580462378603094,
        "val_accuracy": 93.93752798925212,
        "val_loss": 0.14014428723603498,
        "val_IoU": 0.3621697958635241
    },
    "8": {
        "train_loss": 0.13040858518714543,
        "train_accuracy": 94.41137504431715,
        "train_IoU": 0.3585151893490402,
        "val_accuracy": 93.9935064935065,
        "val_loss": 0.13857404608279458,
        "val_IoU": 0.35884905907078385
    },
    "9": {
        "train_loss": 0.12729592925395475,
        "train_accuracy": 94.53266406672762,
        "train_IoU": 0.3587265719504893,
        "val_accuracy": 94.1166592028661,
        "val_loss": 0.13364011706518275,
        "val_IoU": 0.3483930267754855
    },
    "10": {
        "train_loss": 0.12213079462401331,
        "train_accuracy": 94.67447892369988,
        "train_IoU": 0.37743582329389025,
        "val_accuracy": 94.29019256605463,
        "val_loss": 0.13388692058090648,
        "val_IoU": 0.35851553506466194
    },
    "11": {
        "train_loss": 0.12007146376698569,
        "train_accuracy": 94.64648914929745,
        "train_IoU": 0.38439136776544636,
        "val_accuracy": 94.1782355575459,
        "val_loss": 0.13444151582994626,
        "val_IoU": 0.3912153599516639
    },
    "12": {
        "train_loss": 0.11650118973275073,
        "train_accuracy": 94.69687074322181,
        "train_IoU": 0.3840118099452305,
        "val_accuracy": 94.41334527541424,
        "val_loss": 0.13331548042063204,
        "val_IoU": 0.38116990974211307
    },
    "13": {
        "train_loss": 0.11521258799088026,
        "train_accuracy": 94.82375772051277,
        "train_IoU": 0.39941220083652756,
        "val_accuracy": 94.5309001343484,
        "val_loss": 0.12987765055149791,
        "val_IoU": 0.4050396933700801
    },
    "14": {
        "train_loss": 0.11010480972633732,
        "train_accuracy": 94.93385083316228,
        "train_IoU": 0.4116513561146344,
        "val_accuracy": 94.37975817286161,
        "val_loss": 0.13181413742048403,
        "val_IoU": 0.38275477551520126
    },
    "15": {
        "train_loss": 0.11021678639589176,
        "train_accuracy": 94.90772704372003,
        "train_IoU": 0.39623822804455355,
        "val_accuracy": 94.50291088222123,
        "val_loss": 0.12946276268256568,
        "val_IoU": 0.423672106594039
    },
    "16": {
        "train_loss": 0.10709013596070405,
        "train_accuracy": 95.00289227668826,
        "train_IoU": 0.4204512822501855,
        "val_accuracy": 94.59247648902821,
        "val_loss": 0.12687033135443923,
        "val_IoU": 0.4337826940716255
    },
    "17": {
        "train_loss": 0.10525329538169795,
        "train_accuracy": 95.0682017502939,
        "train_IoU": 0.4159463006481435,
        "val_accuracy": 94.40214957456337,
        "val_loss": 0.1278475570625492,
        "val_IoU": 0.38949110049840935
    },
    "18": {
        "train_loss": 0.10091504732009055,
        "train_accuracy": 95.14097516374018,
        "train_IoU": 0.43325920735960244,
        "val_accuracy": 94.39095387371249,
        "val_loss": 0.1304870050134403,
        "val_IoU": 0.420475225618885
    },
    "19": {
        "train_loss": 0.10041023221818249,
        "train_accuracy": 95.27719206583195,
        "train_IoU": 0.4341360949082476,
        "val_accuracy": 94.51970443349754,
        "val_loss": 0.13070926597075802,
        "val_IoU": 0.40357305924129444
    },
    "20": {
        "train_loss": 0.096459032109714,
        "train_accuracy": 95.2603982011905,
        "train_IoU": 0.4404465955865426,
        "val_accuracy": 94.50850873264667,
        "val_loss": 0.1330929268151521,
        "val_IoU": 0.4291751167852792
    },
    "21": {
        "train_loss": 0.09585465205419884,
        "train_accuracy": 95.35929540407905,
        "train_IoU": 0.43890366881281534,
        "val_accuracy": 94.78280340349305,
        "val_loss": 0.1313817526346871,
        "val_IoU": 0.43997030270370774
    },
    "22": {
        "train_loss": 0.09499975319213835,
        "train_accuracy": 95.44699669720661,
        "train_IoU": 0.46269292208527646,
        "val_accuracy": 94.26780116435289,
        "val_loss": 0.12985069525561166,
        "val_IoU": 0.41045191394440844
    },
    "23": {
        "train_loss": 0.08945301523196528,
        "train_accuracy": 95.4768524565692,
        "train_IoU": 0.4570335426750707,
        "val_accuracy": 94.40774742498881,
        "val_loss": 0.13327442713614016,
        "val_IoU": 0.4174572946983705
    },
    "24": {
        "train_loss": 0.0920098267166668,
        "train_accuracy": 95.44139874232613,
        "train_IoU": 0.4435553201889625,
        "val_accuracy": 94.58128078817734,
        "val_loss": 0.13062829018703523,
        "val_IoU": 0.41242338296107056
    },
    "25": {
        "train_loss": 0.08942553537913323,
        "train_accuracy": 95.57201768953743,
        "train_IoU": 0.4717670735183773,
        "val_accuracy": 94.50291088222123,
        "val_loss": 0.13251118649329457,
        "val_IoU": 0.4111474507821524
    }
}