{
    "micro_IoU": 0.8554703230908818,
    "micro_Precision": 0.9221061770104964,
    "micro_Recall": 0.9221061770104964,
    "micro_F1-score": 0.9221061770104964,
    "MACRO_IoU": 0.2895608727835977,
    "MACRO_Precision": 0.7653364916868239,
    "MACRO_Recall": 0.32272154404044245,
    "MACRO_F1-score": 0.33485004684131525,
    "Accuracy": 0.9221061770104964
}