{
    "1": {
        "train_loss": 0.6170655209488333,
        "train_accuracy": 82.96273697973416,
        "train_IoU": 0.178895937819967,
        "val_accuracy": 91.29229642801108,
        "val_loss": 0.2588050444920857,
        "val_IoU": 0.258152650485629
    },
    "2": {
        "train_loss": 0.24919520397981015,
        "train_accuracy": 91.34103290477228,
        "train_IoU": 0.25582664123297855,
        "val_accuracy": 92.24412949113541,
        "val_loss": 0.21011198421319327,
        "val_IoU": 0.28154852680767467
    },
    "3": {
        "train_loss": 0.21472187525696215,
        "train_accuracy": 91.99041185443451,
        "train_IoU": 0.2789172394564008,
        "val_accuracy": 91.85450551749386,
        "val_loss": 0.20878408789634706,
        "val_IoU": 0.2935568694288034
    }
}