{
    "1": {
        "train_loss": 2.796769142150879,
        "train_accuracy": 13.265306122448983,
        "train_IoU": 0.04609929078014185,
        "val_accuracy": 43.87755102040817,
        "val_loss": 2.7797043919563293,
        "val_IoU": 0.11197916666666667
    },
    "2": {
        "train_loss": 2.7773773074150085,
        "train_accuracy": 30.612244897959183,
        "train_IoU": 0.10204081632653061,
        "val_accuracy": 38.775510204081634,
        "val_loss": 2.7835426330566406,
        "val_IoU": 0.19387755102040816
    },
    "3": {
        "train_loss": 2.768762171268463,
        "train_accuracy": 34.693877551020414,
        "train_IoU": 0.11295681063122923,
        "val_accuracy": 41.83673469387755,
        "val_loss": 2.7825629711151123,
        "val_IoU": 0.1547169811320755
    }
}