{
    "1": {
        "train_loss": 1.6803259742259975,
        "train_accuracy": 47.7289169753759,
        "train_IoU": 0.1577071952963686,
        "val_accuracy": 91.09094712619633,
        "val_loss": 0.3732112435499827,
        "val_IoU": 0.2545405626803223
    },
    "2": {
        "train_loss": 0.3055181384086608,
        "train_accuracy": 91.368054042275,
        "train_IoU": 0.2580584076736539,
        "val_accuracy": 91.9721771873856,
        "val_loss": 0.2369565091530482,
        "val_IoU": 0.2735082781528844
    },
    "3": {
        "train_loss": 0.23156970467832344,
        "train_accuracy": 91.93811287862279,
        "train_IoU": 0.27472620501075323,
        "val_accuracy": 92.26243397311856,
        "val_loss": 0.20768433113892867,
        "val_IoU": 0.2940893135365966
    }
}