{
    "micro_IoU": 0.9063097514340345,
    "micro_Precision": 0.950852557673019,
    "micro_Recall": 0.950852557673019,
    "micro_F1-score": 0.950852557673019,
    "MACRO_IoU": 0.3580005203373844,
    "MACRO_Precision": 0.923032560439386,
    "MACRO_Recall": 0.3887528858648301,
    "MACRO_F1-score": 0.3962931878382758,
    "Accuracy": 0.950852557673019
}