{
    "micro_IoU": 0.8972895863052782,
    "micro_Precision": 0.9458646616541353,
    "micro_Recall": 0.9458646616541353,
    "micro_F1-score": 0.9458646616541353,
    "micro_Kappa": 0.9100171395924586,
    "MACRO_IoU": 0.5156681578950569,
    "MACRO_Precision": 0.7489650774458043,
    "MACRO_Recall": 0.6311549139144165,
    "MACRO_F1-score": 0.580138034787372,
    "Accuracy": 0.9458646616541353
}