{
    "micro_IoU": 0.5433070866141733,
    "micro_Precision": 0.7040816326530612,
    "micro_Recall": 0.7040816326530612,
    "micro_F1-score": 0.7040816326530612,
    "micro_Kappa": 0.5121030042918455,
    "MACRO_IoU": 0.21449275362318843,
    "MACRO_Precision": 0.3423728813559322,
    "MACRO_Recall": 0.5212335692618807,
    "MACRO_F1-score": 0.26054257319366103,
    "Accuracy": 0.7040816326530612
}