{
    "1": {
        "train_loss": 0.9438307401165362,
        "train_accuracy": 76.09022556390977,
        "train_IoU": 0.10786884763713322,
        "val_accuracy": 91.87969924812029,
        "val_loss": 0.30161106728239745,
        "val_IoU": 0.18205427378633113
    },
    "2": {
        "train_loss": 0.32667347053065904,
        "train_accuracy": 90.05847953216374,
        "train_IoU": 0.15316380825018724,
        "val_accuracy": 91.77944862155388,
        "val_loss": 0.2197532944047629,
        "val_IoU": 0.2057146975297362
    },
    "3": {
        "train_loss": 0.25394414615817396,
        "train_accuracy": 91.07769423558896,
        "train_IoU": 0.16907500573082657,
        "val_accuracy": 92.83208020050125,
        "val_loss": 0.1864660120110459,
        "val_IoU": 0.24890248278091287
    },
    "4": {
        "train_loss": 0.2336335153691472,
        "train_accuracy": 91.3951545530493,
        "train_IoU": 0.19278847459483756,
        "val_accuracy": 88.7719298245614,
        "val_loss": 0.25512798625364225,
        "val_IoU": 0.18679016009999108
    },
    "5": {
        "train_loss": 0.2149040295928716,
        "train_accuracy": 91.89640768588137,
        "train_IoU": 0.19850391453085428,
        "val_accuracy": 93.6842105263158,
        "val_loss": 0.17043320384265773,
        "val_IoU": 0.2645223513713567
    },
    "6": {
        "train_loss": 0.1913887685909868,
        "train_accuracy": 92.71512113617378,
        "train_IoU": 0.2121759654151424,
        "val_accuracy": 93.6842105263158,
        "val_loss": 0.14967295722062912,
        "val_IoU": 0.27916756386764735
    },
    "7": {
        "train_loss": 0.18177539139054713,
        "train_accuracy": 92.51461988304094,
        "train_IoU": 0.21043834789099045,
        "val_accuracy": 93.43358395989975,
        "val_loss": 0.1486441770207081,
        "val_IoU": 0.30339630931520467
    },
    "8": {
        "train_loss": 0.1665864823199808,
        "train_accuracy": 93.08270676691728,
        "train_IoU": 0.2278536795779479,
        "val_accuracy": 94.08521303258145,
        "val_loss": 0.16077012171162594,
        "val_IoU": 0.30196956863239016
    },
    "9": {
        "train_loss": 0.15751834247261287,
        "train_accuracy": 93.06599832915623,
        "train_IoU": 0.22985768198809842,
        "val_accuracy": 92.531328320802,
        "val_loss": 0.16481405488257092,
        "val_IoU": 0.34004329511358894
    },
    "10": {
        "train_loss": 0.16124776867218318,
        "train_accuracy": 93.28320802005013,
        "train_IoU": 0.25145536611259184,
        "val_accuracy": 94.18546365914787,
        "val_loss": 0.13846071399470317,
        "val_IoU": 0.3453777846324416
    },
    "11": {
        "train_loss": 0.15127842451445755,
        "train_accuracy": 93.70091896407686,
        "train_IoU": 0.28231293469327184,
        "val_accuracy": 94.28571428571428,
        "val_loss": 0.1360450831533813,
        "val_IoU": 0.2865672045409537
    },
    "12": {
        "train_loss": 0.1446842182800174,
        "train_accuracy": 93.63408521303258,
        "train_IoU": 0.2842232243815932,
        "val_accuracy": 92.38095238095238,
        "val_loss": 0.1550512047373314,
        "val_IoU": 0.3156136359093585
    },
    "13": {
        "train_loss": 0.14627919131889933,
        "train_accuracy": 93.26649958228906,
        "train_IoU": 0.2915400853110189,
        "val_accuracy": 94.78696741854637,
        "val_loss": 0.14203445741267348,
        "val_IoU": 0.3842232054067847
    },
    "14": {
        "train_loss": 0.12967994479462505,
        "train_accuracy": 94.08521303258145,
        "train_IoU": 0.30296557269544305,
        "val_accuracy": 94.9874686716792,
        "val_loss": 0.12320901485465796,
        "val_IoU": 0.3750220592046531
    },
    "15": {
        "train_loss": 0.11999578576069322,
        "train_accuracy": 94.18546365914787,
        "train_IoU": 0.32231994792713825,
        "val_accuracy": 93.58395989974937,
        "val_loss": 0.12103340271582354,
        "val_IoU": 0.40042424199036736
    },
    "16": {
        "train_loss": 0.11915746780112382,
        "train_accuracy": 94.31913116123643,
        "train_IoU": 0.3122638507605414,
        "val_accuracy": 94.63659147869674,
        "val_loss": 0.11645867824276439,
        "val_IoU": 0.36670854467729835
    },
    "17": {
        "train_loss": 0.12416907676495614,
        "train_accuracy": 94.03508771929825,
        "train_IoU": 0.31678677768598706,
        "val_accuracy": 94.03508771929825,
        "val_loss": 0.12732824568511614,
        "val_IoU": 0.3537197720013327
    },
    "18": {
        "train_loss": 0.13122607970144604,
        "train_accuracy": 93.96825396825396,
        "train_IoU": 0.29541254807596184,
        "val_accuracy": 91.87969924812029,
        "val_loss": 0.1570273563821813,
        "val_IoU": 0.3286673344748322
    },
    "19": {
        "train_loss": 0.11785392746329304,
        "train_accuracy": 94.58646616541353,
        "train_IoU": 0.32374874002852233,
        "val_accuracy": 93.48370927318295,
        "val_loss": 0.13731806304083383,
        "val_IoU": 0.33655796427710766
    },
    "20": {
        "train_loss": 0.11046202436089517,
        "train_accuracy": 94.48621553884712,
        "train_IoU": 0.3695032424042322,
        "val_accuracy": 94.28571428571428,
        "val_loss": 0.13336520601036161,
        "val_IoU": 0.40067090910756187
    }
}