{
    "1": {
        "train_loss": 2.582448022706168,
        "train_accuracy": 19.387755102040817,
        "train_IoU": 0.039832285115303984,
        "val_accuracy": 43.87755102040817,
        "val_loss": 2.254606178828648,
        "val_IoU": 0.11315789473684211
    },
    "2": {
        "train_loss": 2.107594166483198,
        "train_accuracy": 31.63265306122449,
        "train_IoU": 0.07908163265306123,
        "val_accuracy": 43.87755102040817,
        "val_loss": 2.0500025408608575,
        "val_IoU": 0.09684684684684684
    },
    "3": {
        "train_loss": 1.8747014658791679,
        "train_accuracy": 38.775510204081634,
        "train_IoU": 0.10705151625867738,
        "val_accuracy": 48.97959183673469,
        "val_loss": 2.0116904292787825,
        "val_IoU": 0.11352657004830918
    },
    "4": {
        "train_loss": 1.611876130104065,
        "train_accuracy": 47.95918367346938,
        "train_IoU": 0.11443806398687448,
        "val_accuracy": 55.10204081632652,
        "val_loss": 1.793141484260559,
        "val_IoU": 0.1372670807453416
    },
    "5": {
        "train_loss": 1.4196562681879317,
        "train_accuracy": 60.204081632653065,
        "train_IoU": 0.1906455862977602,
        "val_accuracy": 71.42857142857143,
        "val_loss": 1.4764988762991769,
        "val_IoU": 0.22138930534732637
    }
}