{
    "1": {
        "train_loss": 0.5538433260664442,
        "train_accuracy": 84.02343677109963,
        "train_IoU": 0.1894750314545663,
        "val_accuracy": 92.87953425884461,
        "val_loss": 0.18701265459614144,
        "val_IoU": 0.262834106210581
    },
    "2": {
        "train_loss": 0.1984850677143702,
        "train_accuracy": 92.53979212927544,
        "train_IoU": 0.27434126137849546,
        "val_accuracy": 93.19301388266905,
        "val_loss": 0.16244115866720682,
        "val_IoU": 0.2936396126962406
    },
    "3": {
        "train_loss": 0.17168088017258268,
        "train_accuracy": 93.22647459461477,
        "train_IoU": 0.2967353671511712,
        "val_accuracy": 93.6576354679803,
        "val_loss": 0.15498874490814554,
        "val_IoU": 0.3153068714921592
    },
    "4": {
        "train_loss": 0.15785261634781697,
        "train_accuracy": 93.64445522569088,
        "train_IoU": 0.3141494242934157,
        "val_accuracy": 93.9935064935065,
        "val_loss": 0.1446141540471997,
        "val_IoU": 0.33250519119836186
    },
    "5": {
        "train_loss": 0.15043857354039514,
        "train_accuracy": 93.80119796234443,
        "train_IoU": 0.32100868617385897,
        "val_accuracy": 93.92073443797582,
        "val_loss": 0.1408340175236974,
        "val_IoU": 0.335353115509531
    },
    "6": {
        "train_loss": 0.14196246379635233,
        "train_accuracy": 94.03631206732473,
        "train_IoU": 0.3309856752624152,
        "val_accuracy": 94.10546350201523,
        "val_loss": 0.13621445875614888,
        "val_IoU": 0.344715223179188
    },
    "7": {
        "train_loss": 0.1395088793678755,
        "train_accuracy": 94.08669366124909,
        "train_IoU": 0.33851034244182915,
        "val_accuracy": 94.08866995073892,
        "val_loss": 0.13607080437775165,
        "val_IoU": 0.34523826649217826
    },
    "8": {
        "train_loss": 0.13338847629957087,
        "train_accuracy": 94.16506502957587,
        "train_IoU": 0.34495123352295404,
        "val_accuracy": 93.93193013882669,
        "val_loss": 0.14124715349503927,
        "val_IoU": 0.33228404099556524
    },
    "9": {
        "train_loss": 0.12793137109116048,
        "train_accuracy": 94.33860163087085,
        "train_IoU": 0.35338485233302924,
        "val_accuracy": 94.29019256605463,
        "val_loss": 0.1336727267663394,
        "val_IoU": 0.4015231623421625
    },
    "10": {
        "train_loss": 0.12610758433834182,
        "train_accuracy": 94.40764307439682,
        "train_IoU": 0.36934109629747974,
        "val_accuracy": 94.41334527541424,
        "val_loss": 0.13223243249314176,
        "val_IoU": 0.3922529966218815
    },
    "11": {
        "train_loss": 0.12371526917260417,
        "train_accuracy": 94.47855050288294,
        "train_IoU": 0.36965215882477137,
        "val_accuracy": 94.29019256605463,
        "val_loss": 0.13156825782997272,
        "val_IoU": 0.41022283924253405
    },
    "12": {
        "train_loss": 0.11992141302132665,
        "train_accuracy": 94.65955104401858,
        "train_IoU": 0.3906391916296087,
        "val_accuracy": 94.30698611733095,
        "val_loss": 0.12880525099379664,
        "val_IoU": 0.3786307023817478
    },
    "13": {
        "train_loss": 0.11666488243813725,
        "train_accuracy": 94.65581907409826,
        "train_IoU": 0.3933936964769632,
        "val_accuracy": 94.32377966860726,
        "val_loss": 0.12929737261895624,
        "val_IoU": 0.42236002606891254
    },
    "14": {
        "train_loss": 0.11485066648954989,
        "train_accuracy": 94.73419044242503,
        "train_IoU": 0.4080285762762334,
        "val_accuracy": 94.25100761307658,
        "val_loss": 0.13559450455276023,
        "val_IoU": 0.37903703057118215
    },
    "15": {
        "train_loss": 0.11188078973095565,
        "train_accuracy": 94.74725233714616,
        "train_IoU": 0.39695687827598436,
        "val_accuracy": 94.54209583519928,
        "val_loss": 0.13162638215082034,
        "val_IoU": 0.415757082098708
    },
    "16": {
        "train_loss": 0.10924374919411396,
        "train_accuracy": 94.8274896904331,
        "train_IoU": 0.4038921498673369,
        "val_accuracy": 94.27339901477832,
        "val_loss": 0.1312042848340102,
        "val_IoU": 0.43082091482511153
    },
    "17": {
        "train_loss": 0.10614745718091367,
        "train_accuracy": 94.94318075796309,
        "train_IoU": 0.42915401914768503,
        "val_accuracy": 94.3629646215853,
        "val_loss": 0.1292323497523155,
        "val_IoU": 0.4299051483774213
    },
    "18": {
        "train_loss": 0.10442761192209407,
        "train_accuracy": 94.97863447220615,
        "train_IoU": 0.43405391240100405,
        "val_accuracy": 94.43573667711598,
        "val_loss": 0.1293796518285359,
        "val_IoU": 0.41749704803446863
    },
    "19": {
        "train_loss": 0.10318543816203152,
        "train_accuracy": 95.06446978037357,
        "train_IoU": 0.4352138173443089,
        "val_accuracy": 94.41894312583969,
        "val_loss": 0.12884131574204993,
        "val_IoU": 0.42513908942896184
    },
    "20": {
        "train_loss": 0.1007148160294659,
        "train_accuracy": 95.14284114870034,
        "train_IoU": 0.45056931803899236,
        "val_accuracy": 94.26780116435289,
        "val_loss": 0.1307020525714116,
        "val_IoU": 0.42562472687121633
    },
    "21": {
        "train_loss": 0.09887021038956884,
        "train_accuracy": 95.06446978037357,
        "train_IoU": 0.43770495269235987,
        "val_accuracy": 94.51970443349754,
        "val_loss": 0.1297078663749353,
        "val_IoU": 0.43308517456801804
    },
    "22": {
        "train_loss": 0.09746888580427537,
        "train_accuracy": 95.13164523893937,
        "train_IoU": 0.4482036365192979,
        "val_accuracy": 94.57008508732648,
        "val_loss": 0.12734941663220514,
        "val_IoU": 0.40963144086320075
    },
    "23": {
        "train_loss": 0.09506937375109921,
        "train_accuracy": 95.18389281782389,
        "train_IoU": 0.46055556007747156,
        "val_accuracy": 94.59247648902821,
        "val_loss": 0.12549471090148603,
        "val_IoU": 0.41506562425605276
    },
    "24": {
        "train_loss": 0.09308964593740528,
        "train_accuracy": 95.28652199063275,
        "train_IoU": 0.44210073111382286,
        "val_accuracy": 94.5309001343484,
        "val_loss": 0.1273825142133448,
        "val_IoU": 0.40430913121743656
    },
    "25": {
        "train_loss": 0.08966834993859614,
        "train_accuracy": 95.38728517848146,
        "train_IoU": 0.47154765847004515,
        "val_accuracy": 94.33497536945814,
        "val_loss": 0.12943207254367217,
        "val_IoU": 0.436340030951394
    }
}