{
    "1": {
        "train_loss": 0.6795258473844974,
        "train_accuracy": 81.77899686520375,
        "train_IoU": 0.19570106639382667,
        "val_accuracy": 92.97469771607703,
        "val_loss": 0.20562258932207308,
        "val_IoU": 0.270866886843262
    },
    "2": {
        "train_loss": 0.2038890123722946,
        "train_accuracy": 92.7731751007613,
        "train_IoU": 0.2796547131923073,
        "val_accuracy": 93.46730855351545,
        "val_loss": 0.16777457280882763,
        "val_IoU": 0.2960806460443568
    },
    "3": {
        "train_loss": 0.1722771981753285,
        "train_accuracy": 93.28071353933423,
        "train_IoU": 0.29938570984270807,
        "val_accuracy": 93.76399462606359,
        "val_loss": 0.15372592144246594,
        "val_IoU": 0.31707977791814757
    },
    "4": {
        "train_loss": 0.15735198847220455,
        "train_accuracy": 93.68562472010747,
        "train_IoU": 0.31068732497687046,
        "val_accuracy": 94.08866995073892,
        "val_loss": 0.14665114640125193,
        "val_IoU": 0.32620009313646264
    },
    "5": {
        "train_loss": 0.14784351694519873,
        "train_accuracy": 93.95245559038663,
        "train_IoU": 0.3344924467605891,
        "val_accuracy": 94.35736677115987,
        "val_loss": 0.13900895778621947,
        "val_IoU": 0.32879424545714997
    },
    "6": {
        "train_loss": 0.1401065083082791,
        "train_accuracy": 94.11852515300791,
        "train_IoU": 0.3487695422143289,
        "val_accuracy": 94.50291088222123,
        "val_loss": 0.13627807274460785,
        "val_IoU": 0.34185488471320136
    },
    "7": {
        "train_loss": 0.13586178647803232,
        "train_accuracy": 94.32564561874906,
        "train_IoU": 0.37480131371550884,
        "val_accuracy": 94.35176892073443,
        "val_loss": 0.1370834862547262,
        "val_IoU": 0.33677862412906245
    },
    "8": {
        "train_loss": 0.1319311558133377,
        "train_accuracy": 94.38162412300343,
        "train_IoU": 0.3681759988398228,
        "val_accuracy": 94.5588893864756,
        "val_loss": 0.13176002268280304,
        "val_IoU": 0.36546512714443663
    },
    "9": {
        "train_loss": 0.12779056283518644,
        "train_accuracy": 94.57008508732648,
        "train_IoU": 0.3863095867930757,
        "val_accuracy": 94.4973130317958,
        "val_loss": 0.13120196706482337,
        "val_IoU": 0.35766169636398476
    },
    "10": {
        "train_loss": 0.12200038955682507,
        "train_accuracy": 94.61113599044634,
        "train_IoU": 0.3912257107795815,
        "val_accuracy": 94.31818181818183,
        "val_loss": 0.1329086195677519,
        "val_IoU": 0.3467437268855359
    },
    "11": {
        "train_loss": 0.11955963235641864,
        "train_accuracy": 94.68763994626063,
        "train_IoU": 0.39980307245701396,
        "val_accuracy": 94.42454097626512,
        "val_loss": 0.13055792054427515,
        "val_IoU": 0.3453773731998895
    },
    "12": {
        "train_loss": 0.11731658479407754,
        "train_accuracy": 94.70629944767876,
        "train_IoU": 0.40311424635935644,
        "val_accuracy": 94.50850873264667,
        "val_loss": 0.1314959713124803,
        "val_IoU": 0.3566180526963424
    },
    "13": {
        "train_loss": 0.11243231824837044,
        "train_accuracy": 94.93767726526347,
        "train_IoU": 0.4067158870328979,
        "val_accuracy": 94.53649798477385,
        "val_loss": 0.13302119636375984,
        "val_IoU": 0.3507396072557988
    },
    "14": {
        "train_loss": 0.11326768047449702,
        "train_accuracy": 94.78280340349305,
        "train_IoU": 0.40537423215333784,
        "val_accuracy": 94.26780116435289,
        "val_loss": 0.1345902406743594,
        "val_IoU": 0.37345361412719646
    },
    "15": {
        "train_loss": 0.10928398753051821,
        "train_accuracy": 94.96006866696521,
        "train_IoU": 0.423490393384304,
        "val_accuracy": 94.21182266009852,
        "val_loss": 0.13171027441109923,
        "val_IoU": 0.3801406827167209
    },
    "16": {
        "train_loss": 0.10569272799359582,
        "train_accuracy": 95.14666368114644,
        "train_IoU": 0.4365090874284739,
        "val_accuracy": 94.53649798477385,
        "val_loss": 0.12647711211549378,
        "val_IoU": 0.3669127236864008
    },
    "17": {
        "train_loss": 0.10379251483872293,
        "train_accuracy": 95.08508732646663,
        "train_IoU": 0.43056554578578443,
        "val_accuracy": 94.4973130317958,
        "val_loss": 0.1314196000940032,
        "val_IoU": 0.3619822331989693
    },
    "18": {
        "train_loss": 0.1034522530420513,
        "train_accuracy": 95.15785938199731,
        "train_IoU": 0.42361330112410295,
        "val_accuracy": 94.78280340349305,
        "val_loss": 0.12376553895218037,
        "val_IoU": 0.3897617375940882
    },
    "19": {
        "train_loss": 0.10112037087806225,
        "train_accuracy": 95.18398268398268,
        "train_IoU": 0.43564529884254316,
        "val_accuracy": 94.73242274966412,
        "val_loss": 0.12395520109151092,
        "val_IoU": 0.45055144692610666
    },
    "20": {
        "train_loss": 0.09978585295059088,
        "train_accuracy": 95.23622928795342,
        "train_IoU": 0.44708001400200836,
        "val_accuracy": 94.70443349753694,
        "val_loss": 0.12340329012700486,
        "val_IoU": 0.43563247689885765
    },
    "21": {
        "train_loss": 0.09523698687997952,
        "train_accuracy": 95.32206299447678,
        "train_IoU": 0.44968588237476,
        "val_accuracy": 94.83878190774743,
        "val_loss": 0.12130451012136685,
        "val_IoU": 0.4601874762932876
    },
    "22": {
        "train_loss": 0.09445914020206167,
        "train_accuracy": 95.33885654575309,
        "train_IoU": 0.4527236651870197,
        "val_accuracy": 94.69883564711151,
        "val_loss": 0.12356022748031786,
        "val_IoU": 0.3834496693061379
    },
    "23": {
        "train_loss": 0.09134626364988893,
        "train_accuracy": 95.46947305567996,
        "train_IoU": 0.47200047296588266,
        "val_accuracy": 94.83318405732199,
        "val_loss": 0.12279649390173808,
        "val_IoU": 0.39869672119920047
    },
    "24": {
        "train_loss": 0.08973910230565324,
        "train_accuracy": 95.56090461262875,
        "train_IoU": 0.4749975853829387,
        "val_accuracy": 94.5141065830721,
        "val_loss": 0.1292355718689837,
        "val_IoU": 0.3989681041141549
    },
    "25": {
        "train_loss": 0.08959142323183282,
        "train_accuracy": 95.57023436333782,
        "train_IoU": 0.4761557806251132,
        "val_accuracy": 94.44693237796686,
        "val_loss": 0.12683878434555876,
        "val_IoU": 0.44673300824143203
    }
}