{
    "micro_IoU": 0.8846153846153846,
    "micro_Precision": 0.9387755102040817,
    "micro_Recall": 0.9387755102040817,
    "micro_F1-score": 0.9387755102040817,
    "MACRO_IoU": 0.8259061200237671,
    "MACRO_Precision": 0.9591901801370954,
    "MACRO_Recall": 0.8656330749354004,
    "MACRO_F1-score": 0.900278186876125,
    "Accuracy": 0.9387755102040817
}