{
    "1": {
        "train_loss": 1.2207202210691237,
        "train_accuracy": 63.8678242072416,
        "train_IoU": 0.13895178251420096,
        "val_accuracy": 91.11448146017467,
        "val_loss": 0.33233438531557713,
        "val_IoU": 0.25155609674861257
    },
    "2": {
        "train_loss": 0.29051920877562637,
        "train_accuracy": 91.44221885187316,
        "train_IoU": 0.2542818758468174,
        "val_accuracy": 91.84666073950108,
        "val_loss": 0.2322238675753275,
        "val_IoU": 0.26591963778304084
    },
    "3": {
        "train_loss": 0.23059420386950172,
        "train_accuracy": 92.09333542527413,
        "train_IoU": 0.27393159992991983,
        "val_accuracy": 92.36964593901993,
        "val_loss": 0.20405309875806174,
        "val_IoU": 0.2864530167966148
    }
}