{
    "1": {
        "train_loss": 0.5027284854778533,
        "train_accuracy": 85.24938888992554,
        "train_IoU": 0.19561870886128338,
        "val_accuracy": 92.62203313927452,
        "val_loss": 0.19743544693504064,
        "val_IoU": 0.2834681203307253
    },
    "2": {
        "train_loss": 0.19366542680237903,
        "train_accuracy": 92.80849396353865,
        "train_IoU": 0.2808531174546328,
        "val_accuracy": 93.68002686968204,
        "val_loss": 0.16211555344717843,
        "val_IoU": 0.2984434927630116
    },
    "3": {
        "train_loss": 0.17010340615573535,
        "train_accuracy": 93.36269149670655,
        "train_IoU": 0.29768483835688303,
        "val_accuracy": 93.43931930138827,
        "val_loss": 0.15996817619140655,
        "val_IoU": 0.3037841282391051
    },
    "4": {
        "train_loss": 0.16069357926670574,
        "train_accuracy": 93.65005318057136,
        "train_IoU": 0.3068917038812209,
        "val_accuracy": 93.93193013882669,
        "val_loss": 0.1483425290722932,
        "val_IoU": 0.31634027664410824
    },
    "5": {
        "train_loss": 0.1502679770452311,
        "train_accuracy": 93.888899255472,
        "train_IoU": 0.3182944933579177,
        "val_accuracy": 94.3013882669055,
        "val_loss": 0.14076132239507774,
        "val_IoU": 0.3260368842545882
    },
    "6": {
        "train_loss": 0.14208148303386123,
        "train_accuracy": 94.10908548077103,
        "train_IoU": 0.3323743522976837,
        "val_accuracy": 93.91513658755038,
        "val_loss": 0.1440239568906171,
        "val_IoU": 0.3253260345341831
    },
    "7": {
        "train_loss": 0.13809672477243917,
        "train_accuracy": 94.17439495437667,
        "train_IoU": 0.33259815356739786,
        "val_accuracy": 94.01589789520824,
        "val_loss": 0.1396251745522023,
        "val_IoU": 0.34031008475496133
    },
    "8": {
        "train_loss": 0.1336099861327532,
        "train_accuracy": 94.24903435278311,
        "train_IoU": 0.3451827808977827,
        "val_accuracy": 94.53649798477385,
        "val_loss": 0.13380731091435474,
        "val_IoU": 0.33684555646208014
    },
    "9": {
        "train_loss": 0.1304709249773997,
        "train_accuracy": 94.38898322479521,
        "train_IoU": 0.35684256676723103,
        "val_accuracy": 94.3629646215853,
        "val_loss": 0.13818193447909188,
        "val_IoU": 0.3408821505728143
    },
    "10": {
        "train_loss": 0.12647703802991028,
        "train_accuracy": 94.40577708943665,
        "train_IoU": 0.35409304863598057,
        "val_accuracy": 94.12225705329153,
        "val_loss": 0.13873211999556848,
        "val_IoU": 0.3431685050562203
    },
    "11": {
        "train_loss": 0.12096100562387693,
        "train_accuracy": 94.69873672818197,
        "train_IoU": 0.3780838908009137,
        "val_accuracy": 94.25100761307658,
        "val_loss": 0.13455545441912753,
        "val_IoU": 0.3903238498518108
    },
    "12": {
        "train_loss": 0.11769364978718017,
        "train_accuracy": 94.74165438226568,
        "train_IoU": 0.37716909514961844,
        "val_accuracy": 94.52530228392297,
        "val_loss": 0.130969189958913,
        "val_IoU": 0.3555673154698637
    },
    "13": {
        "train_loss": 0.1157104985472837,
        "train_accuracy": 94.78643802130955,
        "train_IoU": 0.403653827842146,
        "val_accuracy": 94.60367218987909,
        "val_loss": 0.12683444680379974,
        "val_IoU": 0.37983660915079154
    },
    "14": {
        "train_loss": 0.11428250942761546,
        "train_accuracy": 94.77337612658842,
        "train_IoU": 0.38500840795658475,
        "val_accuracy": 94.56448723690103,
        "val_loss": 0.13228581587650948,
        "val_IoU": 0.36537919543259345
    },
    "15": {
        "train_loss": 0.11089182848239713,
        "train_accuracy": 94.95997462260453,
        "train_IoU": 0.40684055882018044,
        "val_accuracy": 94.41894312583969,
        "val_loss": 0.1318595647013613,
        "val_IoU": 0.4089273281630823
    },
    "16": {
        "train_loss": 0.10699877248263441,
        "train_accuracy": 95.02901606613051,
        "train_IoU": 0.41809896356547727,
        "val_accuracy": 94.36856247201075,
        "val_loss": 0.13476899354053384,
        "val_IoU": 0.3808416960018178
    },
    "17": {
        "train_loss": 0.10311262964366594,
        "train_accuracy": 95.04767591573213,
        "train_IoU": 0.41378322626940356,
        "val_accuracy": 94.3629646215853,
        "val_loss": 0.1314072000394974,
        "val_IoU": 0.3986458254783906
    },
    "18": {
        "train_loss": 0.10446045823341907,
        "train_accuracy": 95.09059356981582,
        "train_IoU": 0.4202590164521629,
        "val_accuracy": 94.50291088222123,
        "val_loss": 0.12967321013233493,
        "val_IoU": 0.3641510418042815
    },
    "19": {
        "train_loss": 0.101363672450327,
        "train_accuracy": 95.17642887798324,
        "train_IoU": 0.4312551862979736,
        "val_accuracy": 94.14464845499329,
        "val_loss": 0.13305076044052838,
        "val_IoU": 0.443376983071105
    },
    "20": {
        "train_loss": 0.09924927904206124,
        "train_accuracy": 95.1353772088597,
        "train_IoU": 0.42866934599349454,
        "val_accuracy": 94.5141065830721,
        "val_loss": 0.13089636248935554,
        "val_IoU": 0.38740822005194764
    },
    "21": {
        "train_loss": 0.09699095393973348,
        "train_accuracy": 95.38728517848146,
        "train_IoU": 0.4475660042450142,
        "val_accuracy": 94.5309001343484,
        "val_loss": 0.13034383460347135,
        "val_IoU": 0.39653125189361615
    },
    "22": {
        "train_loss": 0.09535040063138933,
        "train_accuracy": 95.36302737399936,
        "train_IoU": 0.4427717395887451,
        "val_accuracy": 94.50850873264667,
        "val_loss": 0.13061304261375753,
        "val_IoU": 0.41337398097095435
    },
    "23": {
        "train_loss": 0.09368700806611621,
        "train_accuracy": 95.37235729880017,
        "train_IoU": 0.4504162799257606,
        "val_accuracy": 94.61486789072995,
        "val_loss": 0.12634425107389682,
        "val_IoU": 0.4187328232065785
    },
    "24": {
        "train_loss": 0.0920385285580713,
        "train_accuracy": 95.42273889272452,
        "train_IoU": 0.44829067849340454,
        "val_accuracy": 94.72122704881325,
        "val_loss": 0.12832040933093855,
        "val_IoU": 0.43220187697293533
    },
    "25": {
        "train_loss": 0.09017220141281664,
        "train_accuracy": 95.47312048664888,
        "train_IoU": 0.4590877257732423,
        "val_accuracy": 94.67644424540977,
        "val_loss": 0.1302618075228695,
        "val_IoU": 0.41468380176970226
    }
}